ref_line	ref_widx	lemma	n_readings	apparatus	omit
2	7	ὅ	2	ὅ [colonna,dain,dawe,jebb,pearson,reinhardt,storr]  |  ὅτι [hermann]	
6	38	οὐκ	2	οὐκ [dain,dawe,hermann,jebb,pearson,reinhardt,storr]  |  οὐχ [colonna]	
14	86	θανόντοιν	2	θανόντων [colonna,dain,hermann,reinhardt]  |  θανόντοιν [dawe,jebb,pearson,storr]	
19	117	ἐξέπεμπον,	2	ἐξέπεμπον, [colonna,dain,dawe,hermann,jebb,pearson,storr]  |  ἐξέπτεμττον, [reinhardt]	
23	148	δίκης	2	δίκῃ [colonna,dain,dawe,hermann,pearson,reinhardt]  |  δίκης [jebb,storr]	
24	149	χρήσει	4	χρησθεὶς [colonna,dawe,pearson,reinhardt]  |  χρήσει [jebb,storr]  |  χρῆσθαι [dain]  |  χρῃσθεὶς [hermann]	
24	150	δικαίᾳ	2	δικαίᾳ [colonna,dawe,hermann,jebb,pearson,reinhardt,storr]  |  δικαιῶν [dain]	
24	152	νόμου	2	νόμῳ, [colonna,dain,dawe,hermann,pearson,reinhardt]  |  νόμου, [jebb,storr]	
30	185	χάριν	2	χάριν [colonna,dain,hermann,jebb,pearson,reinhardt,storr]  |  χαρὰν [dawe]	
31	188	φασι	2	φασι [colonna,dain,dawe,jebb,pearson,reinhardt,storr]  |  φασιν [hermann]	
34	206	σαφῆ	2	σαφῆ [dain,dawe,hermann,jebb,pearson,reinhardt,storr]  |  σαφῇ [colonna]	
40	251	ἢ	2	εἴθ᾽ [colonna,dain,dawe,pearson]  |  ἢ [hermann,jebb,reinhardt,storr]	
40	252	ʼφάπτουσα	3	ἅπτουσα [colonna,dain,dawe,pearson]  |  ᾽φάπτουσα [jebb,reinhardt,storr]  |  θάπτουσα [hermann]	
41	258	ξυνεργάσει	2	ξυνεργάσῃ [colonna,dain,dawe,pearson,reinhardt]  |  ξυνεργάσει, [hermann,jebb,storr]	
42	263	ποῦ	2	ποῦ [colonna,dawe,hermann,jebb,pearson,storr]  |  ποῖ [dain,reinhardt]	
57	352	ἐπαλλήλοιν	2	ἐπαλλήλοιν [colonna,dain,dawe,hermann,jebb,reinhardt,storr]  |  ἐπ᾽ [pearson]	
71	440	ὁποῖά	2	ὁποία [colonna,dain,dawe,jebb,pearson,reinhardt,storr]  |  ὁποίᾳ [hermann]	
76	473	αἰεὶ	2	αἰεὶ [colonna,dain,dawe,hermann,pearson,reinhardt,storr]  |  ἀεὶ [jebb]	
76	475	σοὶ	2	σοὶ [colonna,dain,dawe,hermann,jebb,pearson,storr]  |  σὺ [reinhardt]	
83	521	πότμον.	2	πότμον. [colonna,dain,hermann,jebb,pearson,reinhardt,storr]  |  βίον. [dawe]	
85	529	κρυφῇ	2	κρυφῇ [colonna,dain,dawe,jebb,pearson,reinhardt,storr]  |  κρυφῆ [hermann]	
86	540	ἔσει	2	ἔσῃ [colonna,dain,dawe,pearson,reinhardt]  |  ἔσει [hermann,jebb,storr]	
90	562	δυνήσει	2	δυνήσῃ [colonna,dain,dawe,pearson,reinhardt]  |  δυνήσει [hermann,jebb,storr]	
93	582	ἐχθαρεῖ	2	ἐχθαρῇ [colonna,dain,dawe,pearson,reinhardt]  |  ἐχθαρεῖ [hermann,jebb,storr]	
94	590	προσκείσει	4	προσκείσῃ [dain,pearson,reinhardt]  |  προσκείσει [hermann,jebb,storr]  |  προσχείσῃ [colonna]  |  προσκλήισηι [dawe]	
99	625	ἔρχει,	2	ἔρχῃ, [colonna,dain,dawe,pearson,reinhardt]  |  ἔρχει, [hermann,jebb,storr]	
100	634	κάλλιστον	2	κάλ- [colonna,dain,dawe,hermann,pearson,reinhardt]  |  κάλλιστον [jebb,storr]	
101	639	προτέρων	2	προτέρων [colonna,dawe,hermann,jebb,reinhardt,storr]  |  πρότερον [dain,pearson]	
105	647	Διρκαίων	2	Διρκαί- [colonna,dain,dawe,pearson,reinhardt]  |  Διρκαίων [hermann,jebb,storr]	
106	653	Ἀργόθεν	2	Ἀργόθεν [colonna,dawe,hermann,jebb,pearson,reinhardt,storr]  |  Ἀπιόθεν [dain]	
106	654	ἐκβάντα	2	ἐκβάντα [jebb,storr]  |  ἒκ [reinhardt]	colonna,dain,hermann,pearson
107	659	ὀξυτέρῳ	2	ὀξυτέρῳ [dain,hermann,jebb,pearson,reinhardt,storr]  |  ὀξυτόρῳ [colonna,dawe]	
110	662	ὃς	2	ὃν [colonna,dain,dawe,hermann,pearson,reinhardt]  |  ὃς [jebb,storr]	
110	664	ἡμετέρᾳ	2	ἡμετέρᾳ [colonna,dain,jebb,reinhardt,storr]  |  ἁμετέραι [dawe,hermann,pearson]	
110	665	γᾷ	2	γᾷ [colonna,dawe,hermann,jebb,pearson,reinhardt,storr]  |  γῇ [dain]	
110	666	Πολυνείκους	2	Πολυνείκης [colonna,dain,dawe,hermann,pearson,reinhardt]  |  Πολυνείκους [jebb,storr]	
113	673	ἀετὸς	2	αἰετὸς [colonna,dain,dawe,hermann,jebb,pearson,reinhardt]  |  ἀετὸς [storr]	
113	674	εἰς	3	εἰς [colonna,dain,jebb,storr]  |  ἐς [hermann,pearson,reinhardt]  |  ὣς [dawe]	
113	675	γᾶν	2	γᾶν [colonna,dawe,hermann,jebb,pearson,reinhardt,storr]  |  γῆν [dain]	
113	677	ὑπερέπτα,	2	ὑπερέπτα, [colonna,dawe,hermann,jebb,pearson,storr]  |  ὑπερέπτη, [dain,reinhardt]	
116	688	κορύθεσσιν.	2	κορύθεσσιν. [colonna,dain,dawe,hermann,reinhardt,storr]  |  κορύθεσσι. [jebb,pearson]	
117	693	φονώσαισιν	2	φονώ- [colonna,dain,dawe,hermann,pearson,reinhardt]  |  φονώσαισιν [jebb,storr]	
117	695	κύκλῳ	2	κύκλῳ [dain,dawe,hermann,jebb,pearson,reinhardt,storr]  |  κύχλῳ [colonna]	
120	705	πλησθῆναί	2	πλησθῆ- [colonna,dain,dawe,pearson,reinhardt]  |  πλησθῆναί [hermann,jebb,storr]	
125	719	ἀντιπάλῳ	2	ἀντιπάλῳ [colonna,dawe,hermann,jebb,reinhardt,storr]  |  ἀντιπάλου [dain,pearson]	
125	721	δράκοντος.	2	δράκοντος. [colonna,dain,dawe,jebb,pearson,reinhardt,storr]  |  δράκοντι. [hermann]	
129	733	προσνισσομένους	2	προσνισσομένους, [dain,dawe,hermann,jebb,reinhardt,storr]  |  προσνισομένους, [colonna,pearson]	
130	736	ὑπεροπλίαις,	2	ὑπεροπλίαις. [colonna,dain,dawe,jebb,reinhardt,storr]  |  ὑπερόπτας, [hermann,pearson]	
134	747	ἀντιτύπᾳ	2	ἀντιτύπᾳ [colonna,dain,dawe,jebb,pearson,reinhardt,storr]  |  ἀντίτυπα [hermann]	
138	766	ἄλλᾳ	2	ἄλλᾳ [colonna,dain,hermann,jebb,pearson,reinhardt,storr]  |  †ἄλλα [dawe]	
138	768	μέν,	2	μέν, [colonna,dain,jebb,pearson,reinhardt,storr]  |  δ᾽ [dawe]	hermann
139	773	ἐπενώμα	2	ἐπενώμα [colonna,dain,hermann,jebb,reinhardt,storr]  |  ἐπενώ- [pearson]	
139	774	στυφελίζων	2	στυφελίζων [dawe,hermann,jebb,pearson,reinhardt,storr]  |  στυφελί- [colonna,dain]	
151	829	θέσθαι	2	θέσθαι [colonna,dain,dawe,jebb,pearson,storr]  |  θέσθε [hermann,reinhardt]	
153	837	ἐπέλθωμεν,	2	ἐπέλθωμεν, [colonna,dain,hermann,jebb,reinhardt,storr]  |  ἐπέλ- [dawe,pearson]	
153	839	Θήβας	2	Θήβας [dawe,hermann,jebb,pearson,reinhardt,storr]  |  Θή- [colonna,dain]	
156	853	ἄρχων	4	⟨gap⟩ [dawe,hermann,pearson]  |  ἄρχων [colonna,storr]  |  ταγὸσ [dain]  |  σὺ [jebb]	reinhardt
180	984	ἐγκλῄσας	2	ἐγκλῄσας [colonna,dain,dawe,jebb,pearson,reinhardt,storr]  |  ἐγκλείσας [hermann]	
187	1030	χθονὸς	2	χθονὸς [colonna,dain,dawe,hermann,jebb,pearson,storr]  |  πόλεως [reinhardt]	
189	1039	σῴζουσα	2	σῴζουσα [colonna,dain,dawe,jebb,pearson,reinhardt,storr]  |  σώζουσα, [hermann]	
195	1075	δόρει,	2	δορί, [colonna,dain,dawe,hermann,jebb,pearson,reinhardt]  |  δόρει, [storr]	
196	1082	ἀφαγνίσαι	2	ἐφαγνίσαι [colonna,dawe,hermann,jebb,reinhardt]  |  ἀφαγνίσαι [dain,pearson,storr]	
198	1094	Πολυνείκη	2	Πολυνείκην [colonna,dain,dawe,hermann,jebb]  |  Πολυνείκη [pearson,reinhardt,storr]	
201	1108	πρῆσαι	2	πρῆσαι [colonna,dain,hermann,jebb,pearson,reinhardt,storr]  |  πέρσαι [dawe]	
201	1109	κατʼ	2	κατάκρας, [colonna,dain,hermann,pearson,reinhardt]  |  κατ᾽ [dawe,jebb,storr]	
203	1123	ἐκκεκήρυκται	2	ἐκκεκήρυκται [dain,dawe,jebb,pearson,reinhardt,storr]  |  ἐκκεκηρῦχθαι [colonna,hermann]	
206	1141	αἰκισθέν	2	αἰκισθέν [colonna,dain,dawe,jebb,pearson,reinhardt,storr]  |  αἰκισθέντ᾽ [hermann]	
208	1151	τιμὴν	2	τιμὴν [colonna,dain,hermann,storr]  |  τιμῆι [dawe,jebb,pearson,reinhardt]	
208	1152	προέξουσʼ	2	προέξουσ᾽ [colonna,dain,dawe,jebb,pearson,reinhardt,storr]  |  προρέξουσ᾽ [hermann]	
211	1175	Κρέον,	3	†Κρέον [dawe,hermann,jebb,reinhardt,storr]  |  ποεῖν, [colonna,pearson]  |  παθεῖν [dain]	
212	1179	κἀς	2	καὶ [colonna,dain,dawe,hermann,pearson,reinhardt]  |  κἀς [jebb,storr]	
213	1183	νόμῳ	2	νόμῳ [colonna,dain,hermann,jebb,pearson,reinhardt,storr]  |  γόμωι [dawe]	
213	1187	που	2	πού [colonna,dain,dawe,jebb,pearson,reinhardt,storr]  |  πάντ᾽ [hermann]	
213	1188	πάρεστί	4	γ’ [dain,dawe,jebb,pearson,reinhardt]  |  τ᾽ [colonna]  |  ἔνεστί [hermann]  |  πάρεστί [storr]	
215	1200	εἶτε	2	ἦτε [colonna,dain,dawe,hermann,jebb,pearson,reinhardt]  |  εἶτε [storr]	
218	1218	ἄλλο	2	ἄλλο [colonna,dain,dawe,jebb,pearson,reinhardt,storr]  |  ἄλλῳ [hermann]	
223	1254	τάχους	2	τάχους [colonna,dain,dawe,hermann,jebb,reinhardt,storr]  |  σπουδῆς [pearson]	
230	1298	ἀλγύνει;	2	ἀλγυνῇ;» [colonna,dain,dawe,pearson,reinhardt]  |  ἀλγυνεῖ; [hermann,jebb,storr]	
231	1303	βραδύς.	2	βραδύς, [colonna,jebb,pearson,reinhardt,storr]  |  ταχύς, [dain,dawe,hermann]	
241	1369	στοχάζει	3	στοχάζῃ [colonna,dain,dawe,reinhardt]  |  στοχάζει, [hermann,jebb,storr]  |  στιχίζῃ [pearson]	
241	1370	κἀποφάργνυσαι	2	κἀποφράγνυσαι [colonna,dain,hermann,reinhardt]  |  κἀποφάργνυσαι [dawe,jebb,pearson,storr]	
242	1378	σημανῶν	2	σημανῶν [dawe,hermann,jebb,pearson,reinhardt,storr]  |  σημαίνων [colonna,dain]	
248	1412	φής;	2	φής; [hermann,jebb,pearson,reinhardt,storr]  |  φῇς; [colonna,dain,dawe]	
250	1430	ἐκβολή.	2	ἐκβολή [colonna,dain,hermann,jebb,pearson,reinhardt,storr]  |  ἐμβολή. [dawe]	
251	1436	ἀρρὼξ	2	ἀρρὼξ [colonna,dain,dawe,jebb,pearson,reinhardt,storr]  |  ἀῤῥωὼξ [hermann]	
263	1507	ἔφευγε	2	ἔφευγε [colonna,dain,dawe,jebb,pearson,reinhardt,storr]  |  ἔφλεγε [hermann]	
267	1532	μηδʼ	2	μήτ᾽ [colonna,dain,dawe,hermann,jebb,pearson,reinhardt]  |  μηδʼ [storr]	
269	1544	ὃ	2	ὃς [colonna,dain,hermann,jebb]  |  ὃ [dawe,pearson,reinhardt,storr]	
280	1614	καὶ	2	κἀμὲ [colonna,dain,hermann,pearson,reinhardt]  |  καί [dawe,jebb,storr]	
299	1718	πράγματʼ	2	πράγμαθ᾽ [colonna,dain,dawe,hermann,jebb,pearson,reinhardt]  |  πράγματʼ [storr]	
314	1811	σεσωσμένους.	2	σεσωσμένους. [colonna,dain,hermann,jebb,pearson,reinhardt,storr]  |  σεσωμένους. [dawe]	
315	1813	τι	2	τι [colonna,dawe,hermann,jebb,pearson,reinhardt,storr]  |  δὲ [dain]	
317	1833	δάκνει;	2	δάκνῃ; [colonna,dain,dawe,pearson]  |  δάκνει; [hermann,jebb,reinhardt,storr]	
320	1854	δῆλον	2	δῆλον [colonna,dain,hermann,jebb,pearson,reinhardt,storr]  |  δεινὸν [dawe]	
323	1876	δοκῇ	2	δοκεῖ [colonna,dawe,hermann,jebb]  |  δοκῆι [dain,pearson,reinhardt,storr]	
324	1884	δόξαν·	2	δόξαν· [colonna,dain,dawe,jebb,pearson,reinhardt,storr]  |  δόκησιν· [hermann]	
329	1918	ὄψει	2	ὄψει [colonna,dain,dawe,hermann,jebb,reinhardt,storr]  |  ὄψῃ [pearson]	
333	1941	ἀνθρώπου	2	ἀν- [colonna,dain,dawe,hermann,pearson,reinhardt]  |  ἀνθρώπου [jebb,storr]	
337	1959	ὑπερτάταν,	2	ὑπερτάταν, [dain,dawe,hermann,jebb,pearson,reinhardt,storr]  |  ὑπερτάταν,Γᾶν [colonna]	
340	1971	πολεύων.	2	πολεύων. [colonna,dain,dawe,jebb,pearson,reinhardt,storr]  |  πολεῦον· [hermann]	
343	1975	ὀρνίθων	2	ὀρ- [colonna,dain,dawe,hermann,pearson,reinhardt]  |  ὀρνίθων [jebb,storr]	
343	1977	ἄγει	2	ἄγει, [colonna,dain,hermann,jebb,reinhardt,storr]  |  ἀγρεῖ [dawe,pearson]	
347	1988	περιφραδὴς	2	περιφραδὴς [colonna,dain,dawe,jebb,pearson,reinhardt,storr]  |  ἀριφραδὴς [hermann]	
351	1998	ἵππον	2	ἵππον [colonna,dain,dawe,jebb,pearson,reinhardt,storr]  |  ἵππιον [hermann]	
351	1999	ὀχμάζεται	5	ὀχμάζεται [dawe,jebb,reinhardt,storr]  |  αἐξεται [colonna]  |  ὑπ [dain]  |  ἑξέτε᾽ [hermann]  |  ὑπαξέμεν [pearson]	
351	2000	ἀμφὶ	3	ἀμφὶ [dawe,hermann,jebb,storr]  |  ἀμφίλοφον [colonna,pearson,reinhardt]  |  άξεται [dain]	
351	2001	λόφον	3	λόφον [dawe,hermann,jebb,storr]  |  ζυγὸν [colonna,pearson,reinhardt]  |  ἀμφίλοφον [dain]	
351	2002	ζυγῶν	4	ζυγῶν, [jebb,storr]  |  ζυγὸν [dain]  |  ζυγῶι [dawe]  |  ζυγοῖ, [hermann]	colonna,pearson,reinhardt
352	2005	ἀκμῆτα	2	ἀκμῆτα [colonna,dain,dawe,hermann,jebb,pearson,storr]  |  ἀδμῆτα [reinhardt]	
355	2010	ἀνεμόεν	2	ἀνεμόεν [colonna,dain,dawe,jebb,pearson,reinhardt,storr]  |  ἠνεμόεν [hermann]	
357	2019	ὑπαίθρεια	5	ὑπαίθρεια [colonna,dawe,pearson,storr]  |  ἐν [dain]  |  αἴθρια [hermann]  |  ἐναίθρεια [jebb]  |  ὑπ [reinhardt]	
357	2021	δύσομβρα	2	δύσομβρα [colonna,dain,dawe,jebb,pearson,reinhardt,storr]  |  δύσομ- [hermann]	
360	2035	ἐπάξεται·	2	ἐπάξεται, [colonna,dain,hermann,jebb,pearson,reinhardt,storr]  |  ἐπεύξεται, [dawe]	
361	2036	νόσων	2	νόσων [colonna,dawe,hermann,jebb,pearson,reinhardt,storr]  |  νό- [dain]	
361	2038	ἀμηχάνων	2	ἀμηχάνων [colonna,dain,dawe,hermann,jebb,reinhardt,storr]  |  ἀμαχάνων [pearson]	
361	2040	ξυμπέφρασται.	2	ξυμπέφρασται. [colonna,dawe,hermann,jebb,pearson,reinhardt,storr]  |  σων [dain]	
366	2049	τοτὲ	2	τοτὲ [colonna,dain,dawe,jebb,pearson,reinhardt,storr]  |  ποτὲ [hermann]	
367	2057	γεραίρων	3	γεραίρων [dawe,jebb,reinhardt,storr]  |  παρείρων [colonna,dain,hermann]  |  περαίνων [pearson]	
375	2075	γένοιτο	2	γένοιτο [colonna,dawe,hermann,jebb,pearson,reinhardt,storr]  |  γέ- [dain]	
375	2081	ἔρδει.	2	ἔρδει. [colonna,dawe,hermann,jebb,reinhardt,storr]  |  ἔρδοι. [dain,pearson]	
377	2086	τόδε·	2	τόδε· [colonna,dain,dawe,hermann,jebb,reinhardt,storr]  |  τὸ [pearson]	
382	2110	βασιλείοισιν	2	βασιλείοισιν [colonna,hermann,jebb,pearson,reinhardt,storr]  |  βασιλείοισ [dain,dawe]	
386	2133	εἰς	2	εἰς [colonna,dain,dawe,hermann,reinhardt,storr]  |  ἐς [jebb,pearson]	
390	2156	ποθʼ	2	ποθ᾽ [colonna,dain,dawe,jebb,pearson,reinhardt,storr]  |  γ᾽ [hermann]	
392	2171	ἐκτὸς	2	ἐκτὸς [colonna,dain,hermann,jebb,pearson,reinhardt,storr]  |  εὐκτὸς [dawe]	
395	2191	καθῃρέθη	2	καθηιρέθη [dawe,jebb,pearson,reinhardt,storr]  |  καθευρέθη [colonna,dain,hermann]	
403	2244	φῄς;	2	φής; [colonna,hermann,jebb,pearson,reinhardt]  |  φῄς; [dain,dawe,storr]	
412	2298	βάλοι	2	βάλῃ [colonna,dain,dawe,hermann,jebb,pearson,reinhardt]  |  βάλοι [storr]	
414	2309	ἀκηδήσοι	2	ἀφειδήσοι [colonna,dain,hermann,reinhardt]  |  ἀκηδήσοι [dawe,jebb,pearson,storr]	
415	2315	ἔστʼ	2	ἔστ᾽ [colonna,dain,dawe,jebb,pearson,reinhardt,storr]  |  ἔς [hermann]	
421	2349	εἴχομεν	2	εἴχομεν [colonna,dain,hermann,jebb,pearson,reinhardt,storr]  |  εἴργομεν [dawe]	
423	2362	πικρᾶς	2	πικρᾶς [colonna,dain,hermann,jebb,pearson,reinhardt,storr]  |  πικρά, [dawe]	
436	2431	ἅμʼ	2	ἅμ᾽ [colonna,dain,dawe,jebb,pearson,reinhardt,storr]  |  ἀλλ᾽ [hermann]	
439	2452	πάντα	2	πάντα [colonna,dain,dawe,hermann,jebb,reinhardt,storr]  |  τἄλλα [pearson]	
439	2453	ταῦθʼ	2	ταῦθ᾽ [colonna,dain,dawe,hermann,jebb,reinhardt,storr]  |  πάνθ᾽ [pearson]	
440	2457	πέφυκε	2	πέφυκε [dawe,hermann,jebb,pearson,reinhardt,storr]  |  πέφυκεν [colonna,dain]	
441	2466	εἰς	2	εἰς [colonna,dain,reinhardt,storr]  |  ἐς [dawe,hermann,jebb,pearson]	
442	2469	φὴς	2	φῇς, [colonna,dain,dawe,hermann]  |  φής, [jebb,pearson,reinhardt,storr]	
442	2471	καταρνεῖ	2	καταρνῇ [colonna,dain,dawe,pearson,reinhardt]  |  καταρνεῖ [hermann,jebb,storr]	
446	2500	συντόμως,	2	συντόμως, [colonna,dain,dawe,jebb,reinhardt,storr]  |  σύντομα, [hermann,pearson]	
447	2501	ᾔδησθα	2	ᾔδησθα [colonna,dain,dawe,jebb,pearson,reinhardt,storr]  |  ᾔδης [hermann]	
452	2536	τοιούσδʼ	3	τοιούσδ᾽ [dawe,jebb,pearson,storr]  |  οὐ [colonna,dain]  |  οἳ [hermann,reinhardt]	
452	2539	ὥρισεν	2	ὥρισαν [colonna,dain,hermann,reinhardt]  |  ὥρισεν [dawe,jebb,pearson,storr]	
456	2561	γε	2	γε [colonna,dain,dawe,jebb,pearson,reinhardt,storr]  |  τε [hermann]	
460	2588	ἐξῄδη,	2	ἐξῄδη, [colonna,dawe,hermann,jebb,pearson,reinhardt,storr]  |  ἐξῄδη—τί [dain]	
467	2638	ἠνσχόμην	3	ἠνσχόμην [colonna,dain,jebb,pearson,reinhardt,storr]  |  ἠισχόμην [dawe]  |  ἐσχόμην [hermann]	
471	2662	γέννημʼ	3	γέννημ᾽ [colonna,dain,hermann,jebb,reinhardt,storr]  |  μὲν [dawe]  |  γοῦν [pearson]	
485	2747	ἀνατὶ	2	ἀνατὶ [colonna,dain,dawe,hermann,jebb,reinhardt,storr]  |  ἀνατεὶ [pearson]	
500	2841	ἀρεσθείη	2	ἀρεσθείη [dain,dawe,jebb,pearson,reinhardt,storr]  |  ἀρεσθείην [colonna,hermann]	
502	2850	καίτοι	2	καίτοι [colonna,dain,dawe,jebb,pearson,reinhardt,storr]  |  καί [hermann]	
505	2872	ἐγκλῄοι	3	ἐγκλήιοι [dawe,jebb,pearson,reinhardt,storr]  |  ἐγκλῄσοι [colonna,dain]  |  ἐγκλείσοι [hermann]	
509	2898	ὑπίλλουσιν	2	ὑπίλλουσι [colonna,dain,dawe,hermann,pearson]  |  ὑπίλλουσιν [jebb,reinhardt,storr]	
510	2903	ἐπαιδεῖ,	2	ἐπαιδῇ, [colonna,dain,dawe,pearson,reinhardt]  |  ἐπαιδεῖ, [hermann,jebb,storr]	
516	2945	δυσσεβεῖ.	2	δυσσεβεῖ. [dain,dawe,hermann,jebb,pearson,reinhardt,storr]  |  δυσμενεῖ. [colonna]	
518	2954	δὲ	2	δὲ [colonna,dain,jebb,pearson,reinhardt,storr]  |  γε [dawe,hermann]	
518	2959	ἀντιστὰς	2	ἀντιστὰς [colonna,dain,dawe,jebb,pearson,reinhardt,storr]  |  ἀνιστὰς [hermann]	
519	2967	τούτους	2	τούτους [colonna,dain,dawe,hermann,jebb,storr]  |  ἴσους [pearson,reinhardt]	
520	2976	ἴσος.	4	ἴσος. [colonna,dain,hermann,storr]  |  ἴσον. [dawe,pearson]  |  ἴσους. [jebb]  |  ἴσα. [reinhardt]	
521	2980	κάτωθεν	2	κάτωθεν [hermann,jebb,pearson,reinhardt,storr]  |  κάτω [colonna,dain,dawe]	
535	3058	ʼξομεῖ	2	᾿ξομῇ [colonna,dain,dawe,pearson,reinhardt]  |  ᾿ξομεῖ [hermann,jebb,storr]	
536	3066	ὁμορροθεῖ	2	ὁμορροθεῖ, [colonna,dain,hermann,jebb,pearson,storr]  |  ὁμορροθῶ, [dawe,reinhardt]	
547	3139	θνῄσκουσʼ	2	θνῄσκουσ᾽ [colonna,dain,dawe,jebb,pearson,reinhardt,storr]  |  θνήσκουσ᾽ [hermann]	
548	3143	βίος	2	βίος [dain,dawe,hermann,jebb,pearson,reinhardt,storr]  |  βίου [colonna]	
548	3147	φίλος;	2	φίλος; [dain,dawe,hermann,jebb,pearson,reinhardt,storr]  |  πόθος; [colonna]	
551	3164	γελῶ	2	γέλωτ᾽ [colonna,dain,hermann,pearson,reinhardt]  |  γελῶ [dawe,jebb,storr]	
571	3313	υἱέσι	2	υἱέσι [colonna,dain,dawe,hermann,jebb,pearson,storr]  |  υἱέσιν [reinhardt]	
572	3317	Αἷμον,	2	Αἵμων, [colonna,dain,dawe,hermann]  |  Αἷμον, [jebb,pearson,reinhardt,storr]	
573	3323	γε	2	γε [colonna,dain,hermann,jebb,pearson,reinhardt,storr]  |  με [dawe]	
575	3344	ἔφυ.	2	ἐμοί. [colonna,dain,jebb,reinhardt]  |  ἔφυ. [dawe,hermann,pearson,storr]	
578	3362	ἐκ	3	ἐκ [colonna,dawe,hermann,jebb,storr]  |  ἐκδέτους [pearson,reinhardt]  |  ἐκδέτας [dain]	
581	3381	εἰσορῶσι	2	εἰσορῶσι [colonna,dain,dawe,jebb,pearson,reinhardt,storr]  |  εἰρορῶσι [hermann]	
586	3404	ποντίαις	3	πόντιον [colonna,pearson,reinhardt]  |  ποντίαις [hermann,jebb,storr]  |  ποντίας [dain]	
587	3408	Θρῄσσαισιν	3	Θρῄσσαισιν [jebb,pearson,reinhardt,storr]  |  Θρήσσῃσιν [colonna,hermann]  |  Θρῄσσῃσιν [dain,dawe]	
591	3418	δυσάνεμοι,	3	δυσάνεμοι [colonna,dain,jebb,pearson,reinhardt,storr]  |  δυσανέμωι [dawe]  |  δυσάνεμον, [hermann]	
591	3420	βρέμουσι	2	βρέμουσιν [colonna,dain,dawe,jebb,pearson,reinhardt]  |  βρέμουσι [hermann,storr]	
595	3430	φθιτῶν	2	φθιμένων [colonna,dain,pearson,reinhardt]  |  φθιτῶν. [hermann,jebb,storr]	
597	3448	ὕπερ	2	ὑπὲρ [colonna,dawe,jebb,pearson,reinhardt,storr]  |  ὅπερ [dain,hermann]	
600	3450	ὃ	2	ἐτέτατο [colonna,dain,hermann,pearson]  |  ὃ [dawe,jebb,reinhardt,storr]	
602	3464	κόνις	2	κόνις, [colonna,dain,hermann,jebb,storr]  |  κοπίς, [dawe,pearson,reinhardt]	
602	3470	ἐρινύς.	2	Ἐρινύς. [colonna,dain,dawe,jebb,pearson,reinhardt,storr]  |  Ἐριννύς, [hermann]	
605	3473	δύνασιν	2	δύνασιν [colonna,dawe,hermann,jebb,pearson,reinhardt,storr]  |  δύναμιν [dain]	
605	3475	ἀνδρῶν	2	ἀν- [colonna,dain,dawe,pearson,reinhardt]  |  ἀνδρῶν [hermann,jebb,storr]	
606	3478	τὰν	2	τὰν [colonna,dain,dawe,jebb,pearson,reinhardt,storr]  |  τὸν [hermann]	
606	3484	πάντʼ	3	παντογήρως, [colonna,dawe,hermann,pearson,reinhardt]  |  πάντ᾽ [jebb,storr]  |  πάντα [dain]	
606	3485	ἀγρεύων,	3	οὔτ᾽ [colonna,hermann,pearson,reinhardt]  |  ἀγρεύων, [jebb,storr]  |  κηλῶν, [dain]	
607	3486	οὔτε	4	ἀκάματοι [colonna,pearson,reinhardt]  |  οὔτ’ [dain,dawe]  |  οὔτε [jebb,storr]  |  ἀκάματον [hermann]	
607	3487	θεῶν	2	θεῶν [colonna,dain,hermann,jebb,pearson,reinhardt,storr]  |  ἐτέων [dawe]	
607	3490	ἀγήρῳ	2	ἀγήρως [colonna,dain,dawe,jebb,pearson,reinhardt]  |  ἀγήρῳ [hermann,storr]	
613	3511	ἕρπει	2	ἕρπει [colonna,dain,dawe,jebb,pearson,reinhardt,storr]  |  ἕρπειν [hermann]	
614	3515	γʼ	2	γ᾽ [colonna,dain,dawe,hermann,jebb,pearson,storr]  |  πάμπολις [reinhardt]	
615	3522	ἐλπὶς	2	ἐλ- [colonna,dain,dawe,pearson,reinhardt]  |  ἐλπὶς [hermann,jebb,storr]	
615	3525	ὄνασις	2	ὄνασις [colonna,dain,hermann,jebb,pearson,reinhardt,storr]  |  ὄνησις [dawe]	
620	3541	προσαύσῃ.	2	προσαύσῃ. [colonna,dain,dawe,jebb,pearson,reinhardt,storr]  |  προσαύρῃ. [hermann]	
625	3564	ὀλίγιστον	2	ὀλίγιστον [dawe,jebb,pearson,reinhardt,storr]  |  ὀλιγοστὸν [colonna,dain,hermann]	
630	3582	ἀπάτης	2	ἀπάτας [colonna,dain,hermann,jebb,reinhardt]  |  ἀπάτης [dawe,pearson,storr]	
635	3613	μοι	2	μοι [colonna,dain,hermann,jebb,pearson,reinhardt,storr]  |  που [dawe]	
637	3624	ἀξιώσεται	2	ἀξιώσεται [dain,dawe,jebb,pearson,reinhardt,storr]  |  ἀξίως [colonna,hermann]	
654	3730	νυμφεύειν	2	νυμφεύειν [colonna,dain,dawe,jebb,pearson,reinhardt,storr]  |  νυμφεύσειν [hermann]	
664	3791	κρατύνουσιν	2	κρατύνουσιν [dawe,jebb,pearson,reinhardt,storr]  |  κρατοῦσιν [colonna,dain,hermann]	
664	3792	νοεῖ,	2	νοεῖ, [dawe,jebb,pearson,reinhardt,storr]  |  ἐννοεῖ, [colonna,dain,hermann]	
674	3852	συμμάχου	3	συμμάχου [colonna,dain,dawe,jebb,reinhardt,storr]  |  σὺν [hermann]  |  τ᾽ [pearson]	
675	3854	τροπὰς	2	τροπὰς [dain,dawe,hermann,jebb,pearson,reinhardt,storr]  |  προπὰς [colonna]	
676	3859	σῴζει	2	σῴζει [colonna,dain,dawe,jebb,pearson,reinhardt,storr]  |  σώζει [hermann]	
684	3908	κτημάτων	2	κτημάτων [dain,dawe,hermann,jebb,reinhardt,storr]  |  χρημάτων [colonna,pearson]	
687	3926	χἀτέρῳ	2	χἀτέρως [colonna,dawe,hermann,pearson]  |  χἀτέρῳ [dain,jebb,reinhardt,storr]	
688	3929	σοῦ	2	σοῦ [colonna,dain,dawe,jebb,reinhardt,storr]  |  σὺ [hermann,pearson]	
688	3931	οὖν	2	οὖν [colonna,dain,dawe,jebb,reinhardt,storr]  |  οὐ [hermann,pearson]	
688	3932	πέφυκα	2	πέφυκα [colonna,dain,dawe,jebb,reinhardt,storr]  |  πέφυκας [hermann,pearson]	
691	3956	τέρψει	2	τέρψῃ [colonna,dain,dawe,pearson,reinhardt]  |  τέρψει [hermann,jebb,storr]	
700	4007	ἐπέρχεται	2	ἐπέρχεται [colonna,dain,dawe,hermann,jebb,reinhardt,storr]  |  ὑπέρχεται [pearson]	
706	4042	φὴς	2	φὴς [colonna,jebb,pearson,reinhardt,storr]  |  φῂς [dain,dawe,hermann]	
713	4093	ἐκσῴζεται,	2	ἐκσῴζεται, [colonna,dain,dawe,jebb,pearson,reinhardt,storr]  |  ἐκσώζεται· [hermann]	
715	4103	ἐγκρατῆ	2	ἐγκρατῆ [dawe,hermann,jebb,pearson,storr]  |  ἐγκρατὴς [colonna,dain,reinhardt]	
717	4112	λοιπὸν	2	λοιπὸν [colonna,dain,dawe,jebb,pearson,reinhardt,storr]  |  πλοῖον [hermann]	
721	4134	τὸν	2	τὸν [colonna,dain,hermann,jebb,reinhardt,storr]  |  τιν᾽ [dawe,pearson]	
725	4171	διπλῇ.	2	διπλῆι. [dawe,hermann,pearson,reinhardt,storr]  |  διπλᾶ. [colonna,dain,jebb]	
727	4178	ὑπʼ	2	ὑπ᾽ [colonna,dain,jebb,reinhardt,storr]  |  πρὸς [dawe,hermann,pearson]	
731	4205	οὐδʼ	2	οὐδ᾽ [colonna,dain,hermann,jebb,pearson,reinhardt,storr]  |  οὔ [dawe]	
731	4206	ἂν	2	ἂν [colonna,dain,hermann,jebb,pearson,reinhardt,storr]  |  τἂν [dawe]	
731	4209	εἰς	2	εἰς [colonna,dain,dawe,hermann,jebb,reinhardt,storr]  |  ἐς [pearson]	
736	4243	με	2	με [colonna,dain,dawe,jebb,pearson,reinhardt,storr]  |  γε [hermann]	
740	4274	συμμαχεῖ.	2	συμμαχεῖ. [colonna,dain,dawe,jebb,pearson,reinhardt,storr]  |  συμμαχεῖν. [hermann]	
741	4281	προκήδομαι.	2	προκήδομαι. [dain,dawe,hermann,jebb,pearson,reinhardt,storr]  |  προκήσομαι. [colonna]	
747	4314	οὔ	2	οὔ [colonna,dain,dawe,jebb,pearson,reinhardt,storr]  |  οὐτἂν [hermann]	
751	4346	ἣ	2	ἥδ᾽ [colonna,dain,dawe,hermann,jebb,reinhardt]  |  ἣ [pearson,storr]	
752	4357	ἐπεξέρχει	2	ἐπεξέρχῃ [colonna,dain,dawe,pearson,reinhardt]  |  ἐπεξέρχει [hermann,jebb,storr]	
757	4389	βούλει	2	βούλει [colonna,dain,dawe,hermann,jebb,storr]  |  βούλῃ [pearson]	reinhardt
759	4404	ἐπὶ	2	ἐπὶ [colonna,dain,hermann,jebb,pearson,reinhardt,storr]  |  ἔτι [dawe]	
760	4408	ἄγαγε	2	ἄγαγε [colonna,dain,reinhardt,storr]  |  ἄγετε [dawe,hermann,jebb,pearson]	
761	4416	θνῄσκῃ	2	θνῄσκῃ [colonna,dain,dawe,jebb,pearson,reinhardt,storr]  |  θνήσκῃ [hermann]	
763	4433	οὐδαμὰ	2	οὐδαμὰ [dawe,hermann,jebb,pearson,reinhardt,storr]  |  οὐδαμᾷ [colonna,dain]	
764	4435	προσόψει	2	προσόψει [colonna,dain,dawe,hermann,jebb,reinhardt,storr]  |  προσόψῃ [pearson]	
765	4445	μαίνῃ	2	μαίνῃ [colonna,dain,dawe,jebb,pearson,reinhardt,storr]  |  μαίνει [hermann]	
765	4446	συνών.	2	ξυνών. [colonna,dain,dawe,hermann,jebb,reinhardt]  |  συνών. [pearson,storr]	
769	4466	τὼ	2	τὼ [dawe,jebb,pearson,reinhardt,storr]  |  τὰ [colonna,dain,hermann]	
769	4470	τώδʼ	2	τώδ᾽ [dawe,jebb,pearson,reinhardt,storr]  |  τάδ᾽ [colonna,dain,hermann]	
770	4476	αὐτὼ	2	αὐτὼ [dawe,jebb,pearson,reinhardt,storr]  |  αὐτὰ [colonna,dain,hermann]	
772	4494	βουλεύει	2	βουλεύῃ [colonna,dain,dawe,pearson,reinhardt]  |  βουλεύει [hermann,jebb,storr]	
781	4550	κτήμασι	2	κτήμασι [colonna,dain,dawe,hermann,jebb,reinhardt,storr]  |  κτήνεσι [pearson]	
781	4551	πίπτεις,	3	πίπτεις, [colonna,dawe,hermann,jebb,pearson,storr]  |  πίπ- [dain]  |  πί- [reinhardt]	
782	4555	παρειαῖς	2	παρειαῖς [colonna,dawe,hermann,jebb,pearson,storr]  |  παρει- [dain,reinhardt]	
785	4564	αὐλαῖς·	2	αὐλαῖς· [dain,dawe,hermann,jebb,pearson,reinhardt,storr]  |  αὐδαῖς· [colonna]	
790	4573	σέ	2	σέ [dawe,jebb,pearson,reinhardt,storr]  |  ἐπ᾽ [colonna,dain,hermann]	
790	4574	γʼ	3	γ᾽ [dawe,jebb,pearson,reinhardt,storr]  |  ἀνθρώ- [dain,hermann]  |  ἀν- [colonna]	
790	4575	ἀνθρώπων.	4	ἀνθρώ- [dawe,pearson,reinhardt]  |  πων, [dain,hermann]  |  ἀνθρώπων, [jebb,storr]  |  θρώπων, [colonna]	
791	4587	λώβᾳ,	2	λώβᾳ· [colonna,dawe,hermann,jebb,pearson,storr]  |  λώ- [dain,reinhardt]	
792	4592	ἀνδρῶν	2	ἀνδρῶν [colonna,dawe,hermann,jebb,pearson,storr]  |  ἀν- [dain,reinhardt]	
800	4608	θεσμῶν.	2	θεσμῶν· [colonna,dawe,hermann,jebb,pearson,reinhardt,storr]  |  θεσ- [dain]	
800	4611	ἐμπαίζει	3	ἐμπαί- [dain,dawe,hermann,pearson,reinhardt]  |  ἐμπαίζει [jebb,storr]  |  ἐμ- [colonna]	
803	4626	οὐκέτι	2	οὐκέτι [colonna,dain,dawe,jebb,pearson,reinhardt,storr]  |  οὐκ [hermann]	
803	4629	δάκρυ	2	δακρύων, [colonna,dain,dawe,hermann,jebb,pearson,reinhardt]  |  δάκρυ [storr]	
804	4631	παγκοίτην	2	παγκοίτην [dain,dawe,jebb,reinhardt,storr]  |  παγκοίταν [colonna,hermann,pearson]	
806	4638	ὁρᾶτʼ	2	ὁρᾶτ᾽ [colonna,dain,jebb,pearson,reinhardt,storr]  |  ὁρᾶτέ [dawe,hermann]	
806	4639	ἔμʼ,	2	ἔμ᾽, [colonna,dain,jebb,pearson,reinhardt,storr]  |  μ᾽, [dawe,hermann]	
806	4643	πολῖται,	2	πολῖται, [colonna,dain,dawe,jebb,pearson,reinhardt,storr]  |  πο- [hermann]	
807	4650	φέγγος	2	φέγ- [colonna,dain,dawe,hermann,pearson,reinhardt]  |  φέγγος [jebb,storr]	
810	4658	παγκοίτας	2	παγ- [colonna,dain,dawe,hermann,pearson,reinhardt]  |  παγκοίτας [jebb,storr]	
812	4667	ἔγκληρον,	2	ἔγκληρον, [dawe,hermann,jebb,pearson,reinhardt,storr]  |  ἔγ- [colonna,dain]	
812	4669	ἐπινύμφειός	3	ἐπὶ [colonna,dain,dawe,pearson,reinhardt]  |  ἐπινύμφειός [jebb,storr]  |  ἐπινυμφίδιός [hermann]	
815	4674	ὕμνησεν,	3	ὕμ- [colonna,dain,reinhardt]  |  ὕ- [dawe,hermann,pearson]  |  ὕμνησεν, [jebb,storr]	
818	4685	ἀπέρχει	2	ἀπέρχῃ [colonna,dain,dawe,pearson,reinhardt]  |  ἀπέρχει [hermann,jebb,storr]	
819	4689	φθινάσιν	2	φθινάσιν [colonna,dain,dawe,hermann,jebb,reinhardt,storr]  |  φϑινάσιν [pearson]	
822	4701	θνητῶν	2	θνητῶν [dain,dawe,jebb,reinhardt,storr]  |  θνατῶν [colonna,hermann,pearson]	
822	4702	Ἅιδην	2	Ἀΐδην [dain,dawe,jebb,pearson,reinhardt,storr]  |  Ἀἰδαν [colonna,hermann]	
822	4703	καταβήσει.	2	καταβήσῃ. [colonna,dain,dawe,pearson,reinhardt]  |  καταβήσει. [hermann,jebb,storr]	
823	4706	λυγρότατον	2	λυγροτάταν [colonna,dain,dawe,hermann,jebb,pearson,reinhardt]  |  λυγρότατον [storr]	
823	4707	ὀλέσθαι	2	ὀλέσθαι [colonna,dain,dawe,jebb,pearson,reinhardt,storr]  |  ὀ- [hermann]	
825	4714	ἄκρῳ,	2	ἄ- [colonna,dain,dawe,hermann,pearson,reinhardt]  |  ἄκρῳ, [jebb,storr]	
826	4724	ὄμβροι	2	ὄμβροι [dawe,jebb,pearson,reinhardt,storr]  |  ὄμβρῳ [colonna,dain,hermann]	
826	4725	τακομέναν,	2	τακομέναν, [colonna,dain,dawe,hermann,pearson,reinhardt,storr]  |  τακο- [jebb]	
830	4733	τέγγει	2	τέγγει [dawe,hermann,jebb,pearson,reinhardt,storr]  |  τέγ- [colonna,dain]	
830	4734	δʼ	3	δ᾽ [dawe,jebb,pearson,reinhardt,storr]  |  γει [colonna,dain]  |  θ᾽ [hermann]	
830	4737	παγκλαύτοις	2	παγκλαύτοις [colonna,dain,hermann,jebb,storr]  |  παγ- [dawe,pearson,reinhardt]	
831	4741	δαίμων	2	δαί- [colonna,dain,dawe,hermann,pearson,reinhardt]  |  δαίμων [jebb,storr]	
835	4753	θνητογενεῖς.	2	θνητογενεῖς. [colonna,dain,dawe,hermann,jebb,reinhardt,storr]  |  θνατογενεῖς, [pearson]	
836	4755	φθιμένῃ	3	φθιμένῃ [dain,dawe,jebb,storr]  |  φθιμένᾳ [colonna,pearson,reinhardt]  |  φθιμένῳ [hermann]	
836	4756	μέγα	2	μέγα [colonna,dawe,jebb,pearson,reinhardt,storr]  |  μέγ [dain]	hermann
836	4757	κἀκοῦσαι	2	κἀκοῦσαι [colonna,dawe,jebb,pearson,reinhardt,storr]  |  α [dain]	hermann
837	4760	σύγκληρα	2	σύγκληρα [colonna,dain,dawe,jebb,pearson,reinhardt,storr]  |  ἔγκληρα [hermann]	
838	4762	ζῶσαν	2	ζῶσαν [colonna,dain,dawe,jebb,pearson,reinhardt,storr]  |  μέγ᾽ [hermann]	
838	4763	καὶ	2	καὶ [colonna,dain,dawe,jebb,pearson,reinhardt,storr]  |  ἀκοῦσαι. [hermann]	
839	4772	πατρῴων.	2	πατρῴων, [colonna,hermann,jebb,pearson,storr]  |  πατρῴ- [dain,dawe,reinhardt]	
840	4774	οἰχομέναν	4	οὐλομέναν [colonna,dain,reinhardt]  |  οἰχομέναν [jebb,pearson,storr]  |  ὀλλυμέναν [dawe]  |  ὀλομέναν [hermann]	
840	4775	ὑβρίζεις,	2	ὑβρίζεις. [colonna,dain,hermann,jebb,pearson,storr]  |  ὑβρί- [dawe,reinhardt]	
842	4786	κρῆναι	2	κρῆναι [colonna,dain,dawe,hermann,jebb,reinhardt,storr]  |  κρῆ- [pearson]	
845	4787	Θήβας	2	Θήβας [colonna,dain,hermann,jebb,pearson,reinhardt,storr]  |  Θή- [dawe]	
845	4789	εὐαρμάτου	2	εὐαρμάτου [dawe,hermann,jebb,pearson,storr]  |  εὐ- [colonna,dain,reinhardt]	
845	4790	ἄλσος,	2	ἄλσος, [colonna,dain,dawe,hermann,jebb,reinhardt,storr]  |  ἄλ- [pearson]	
845	4791	ἔμπας	2	ἔμπας [colonna,dain,hermann,jebb,pearson,storr]  |  ἔμ- [dawe,reinhardt]	
847	4801	ἕργμα	2	ἕργμα [colonna,dain,dawe,jebb,pearson,reinhardt,storr]  |  ἕρμα [hermann]	
847	4803	ἔρχομαι	2	ἔρ- [colonna,dain,dawe,pearson]  |  ἔρχομαι [hermann,jebb,reinhardt,storr]	
850	4809	οὔτε	2	οὔτε [colonna,dain,hermann,jebb,pearson,storr]  |  οὔτ᾽ [dawe,reinhardt]	
850	4810	νεκροῖς	5	νεκροῖσιν [colonna,dain]  |  ἐν [dawe,reinhardt]  |  νεκροῖς [jebb,storr]  |  ⟨gap⟩ [hermann]  |  νεκρὸς [pearson]	
850	4811	κυροῦσα	4	βροτοῖσιν [dawe,reinhardt]  |  κυροῦσα [jebb,storr]  |  ἐν [hermann]  |  νεκροῖσιν [pearson]	colonna,dain
855	4825	προσέπεσες,	2	προσέπεσες, [colonna,dain,dawe,hermann,jebb,reinhardt,storr]  |  πολὺ [pearson]	
855	4828	πολύ·	2	πολύ· [colonna,dain,hermann,jebb,storr]  |  ποδοῖν· [dawe,reinhardt]	pearson
858	4837	μερίμνας,	3	μερίμνας, [colonna,hermann,jebb,pearson,storr]  |  μερίμ- [dain,reinhardt]  |  μερί- [dawe]	
859	4839	τριπόλιστον	2	τριπόλιστον [colonna,dain,dawe,jebb,pearson,reinhardt,storr]  |  τριπλοιστὸν [hermann]	
859	4840	οἶκτον	3	οἶκτον [colonna,dain,hermann,jebb,storr]  |  οἶ- [dawe,reinhardt]  |  οἶτον [pearson]	
859	4843	πρόπαντος	2	πρόπαντος [colonna,dain,dawe,hermann,jebb,pearson,storr]  |  πρρόπαντος [reinhardt]	
861	4849	ματρῷαι	2	ματρῷαι [colonna,dain,dawe,hermann,jebb,pearson,storr]  |  πατρῶιαι [reinhardt]	
861	4850	λέκτρων	2	λέκτρων [colonna,dain,dawe,hermann,jebb,reinhardt,storr]  |  λέ- [pearson]	
865	4851	ἆται	2	ἆται [colonna,dain,hermann,jebb,pearson,reinhardt,storr]  |  ἆ- [dawe]	
865	4852	κοιμήματά	2	κοιμήματά [dawe,hermann,jebb,pearson,storr]  |  κοι- [colonna,dain,reinhardt]	
865	4854	αὐτογέννητʼ	3	αὐτογέννητ᾽ [colonna,dain,hermann,jebb,storr]  |  αὐτογέν- [dawe,reinhardt]  |  αὐ- [pearson]	
867	4866	οὓς	2	οὓς [colonna,dain,dawe,jebb,pearson,reinhardt,storr]  |  οἷς [hermann]	
870	4875	κασίγνητε	2	κασίγνητε, [dain,hermann,jebb,reinhardt,storr]  |  κασί- [colonna,dawe,pearson]	
874	4893	οὐδαμᾷ	2	οὐδαμᾷ [colonna,dain,dawe,jebb,pearson,reinhardt,storr]  |  οὐδαμῇ [hermann]	
876	4902	ἀνυμέναιος	2	ἀνυμέναιος [colonna,dain,hermann,jebb,reinhardt,storr]  |  ἀνυμέναι- [dawe,pearson]	
876	4903	ταλαίφρων	2	ταλαίφρων [dawe,hermann,jebb,pearson,storr]  |  ταλαί- [colonna,dain,reinhardt]	
877	4905	τὰν	2	τάνδ᾽ [colonna,dain,dawe,hermann,jebb,reinhardt]  |  τὰν [pearson,storr]	
877	4906	πυμάταν	2	ἑτοίμαν [colonna,dain,dawe,hermann,jebb,pearson,reinhardt]  |  πυμάταν [storr]	
877	4908	οὐκέτι	2	οὐκέτι [colonna,dain,dawe,jebb,pearson,reinhardt,storr]  |  οὐκ [hermann]	
882	4922	οὐδεὶς	2	οὐδεὶς [dawe,hermann,jebb,pearson,reinhardt,storr]  |  οὐ- [colonna,dain]	
884	4941	λέγειν;	2	λέγειν; [colonna,dain,dawe,hermann,jebb,reinhardt,storr]  |  λέγων; [pearson]	
887	4956	εἴτε	2	εἴτε [colonna,dain,dawe,jebb,pearson,reinhardt,storr]  |  εἰ [hermann]	
887	4957	χρῇ	2	χρῇ [colonna,dain,dawe,jebb,pearson,reinhardt,storr]  |  χρῄζει, [hermann]	
892	4985	ἀείφρουρος,	2	αἰείφρουρος, [colonna,dain,dawe,hermann,pearson,reinhardt]  |  ἀείφρουρος, [jebb,storr]	
894	4997	Φερσέφασσʼ	2	Φερσέφασσ᾽ [colonna,dain,dawe,jebb,pearson,reinhardt,storr]  |  Περσέφασσ᾽ [hermann]	
920	5155	ζῶσʼ	2	ζῶσ’ [dain,dawe,hermann,jebb,pearson,reinhardt,storr]  |  ζῶν [colonna]	
920	5156	εἰς	2	εἰς [colonna,dain,dawe,hermann,jebb,reinhardt,storr]  |  ἐς [pearson]	
923	5175	ξυμμάχων;	2	ξυμμάχων; [colonna,dain,hermann,jebb,pearson,reinhardt,storr]  |  ξυμμαχεῖν, [dawe]	
939	5251	κοὐκέτι	2	κοὐκέτι [colonna,dain,dawe,jebb,pearson,reinhardt,storr]  |  κοὐκ [hermann]	
941	5258	βασιλειδᾶν	3	βασιλειδᾶν [colonna,jebb,pearson,reinhardt,storr]  |  βασιλειδῶν [dain,dawe]  |  βασιλίδα [hermann]	
947	5288	τίμιος,	2	τίμιος, [colonna,dain,dawe,hermann,jebb,reinhardt,storr]  |  τί- [pearson]	
955	5318	ὀξύχολος	2	ὀξύχολος [colonna,dain,dawe,jebb,pearson,reinhardt,storr]  |  ὀξυχόλως [hermann]	
957	5329	κατάφαρκτος	2	κατάφαρκτος [colonna,dain,dawe,jebb,pearson,reinhardt,storr]  |  κατάφρακτος [hermann]	
958	5335	δεινὸν	2	δεινὸν [colonna,dain,dawe,hermann,jebb,reinhardt,storr]  |  δει- [pearson]	
966	5363	κυανεᾶν	3	Κυανέων [colonna,dain,dawe,hermann,reinhardt]  |  Κυανεᾶν [jebb,storr]  |  κυανέαιν [pearson]	
966	5364	πελάγει	3	πελάγει [colonna,dain,jebb,storr]  |  †πελαγέων [dawe,hermann,reinhardt]  |  σπιλάδοιν [pearson]	
967	5369	ἥδʼ	2	ἰδ’ [colonna,dain,hermann,pearson]  |  †ἦδ᾽ [dawe,jebb,reinhardt,storr]	
967	5372	ἄξενος	3	⟨gap⟩ [dawe,jebb,reinhardt]  |  ἄξενος [colonna,storr]  |  ἠιὼν [dain,pearson]	hermann
970	5375	ἀγχίπτολις	2	ἀγχίπολις [colonna,dain,dawe,hermann,jebb,pearson]  |  ἀγχίπτολις [reinhardt,storr]	
972	5380	ἀρατὸν	2	ἀρατὸν [colonna,dain,dawe,hermann,jebb,pearson,storr]  |  ἀραῖον [reinhardt]	
975	5390	ἀραχθέντων,	3	ἀραχθέντων, [colonna,jebb,pearson,storr]  |  ἄτερθ’ [dain,hermann]  |  †ἀραχθὲν [dawe,reinhardt]	
980	5406	ἀνύμφευτον	2	ἀνύμφευτον [colonna,dain,hermann,jebb,pearson,reinhardt,storr]  |  ἀνυμφεύτου [dawe]	
984	5420	θυέλλαισιν	2	θυέλλῃσιν [colonna,dain,hermann,pearson]  |  θυέλλαισιν [dawe,jebb,reinhardt,storr]	
994	5478	τήνδʼ	2	τήνδε [colonna,dawe,hermann,pearson,reinhardt]  |  τήνδ’ [dain,jebb,storr]	
994	5479	ἐναυκλήρεις	2	ναυκληρεῖς [colonna,dawe,hermann,pearson,reinhardt]  |  ἐναυκλήρεις [dain,jebb,storr]	
998	5501	γνώσει,	2	γνώσῃ, [colonna,dain,dawe,pearson,reinhardt]  |  γνώσει, [hermann,jebb,storr]	
999	5507	εἰς	2	εἰς [colonna,dain,dawe,hermann,jebb,reinhardt,storr]  |  ἐς [pearson]	
1025	5651	οὐκέτʼ	2	οὐκέτ᾽ [colonna,dain,dawe,jebb,pearson,reinhardt,storr]  |  οὐκ [hermann]	
1027	5661	ἀκῆται	2	ἀκεῖται [colonna,hermann,jebb,pearson]  |  ἀκῆται [dain,dawe,reinhardt,storr]	
1027	5664	πέλῃ.	2	πέλει· [colonna,hermann,jebb,pearson]  |  πέλῃ· [dain,dawe,reinhardt,storr]	
1031	5682	σοι	2	σοι [colonna,dain,hermann,jebb,pearson,reinhardt,storr]  |  τοι [dawe]	
1032	5694	λέγοι.	2	λέγοι. [colonna,dain,dawe,hermann,jebb,reinhardt,storr]  |  φέρει. [pearson]	
1036	5714	κἀμπεφόρτισμαι	2	κἀμπεφόρτισμαι [colonna,dain,dawe,jebb,storr]  |  κἀκπεφόρτισμαι [hermann,pearson,reinhardt]	
1037	5718	τἀπὸ	2	τἀπὸ [dawe,jebb,pearson,reinhardt,storr]  |  τὸν [colonna,dain,hermann]	
1040	5733	εἰ	2	εἰ [colonna,dain,dawe,hermann,jebb,reinhardt,storr]  |  ἢν [pearson]	
1040	5734	θέλουσʼ,	2	θέλουσ᾽ [colonna,dain,dawe,hermann,jebb,reinhardt,storr]  |  θέλωσ᾽ [pearson]	
1045	5768	Τειρεσία,	2	Τειρεσία, [colonna,dain,dawe,jebb,pearson,reinhardt,storr]  |  Τειρεσίαν [hermann]	
1054	5822	ψευδῆ	2	ψευδῆ [dain,dawe,hermann,jebb,pearson,reinhardt,storr]  |  ψευδῇ [colonna]	
1056	5833	δʼ	2	δ᾽ [colonna,dain,dawe,hermann,jebb,reinhardt,storr]  |  δέ [pearson]	
1056	5834	ἐκ	3	ἐκ [colonna,dain,dawe,hermann,jebb,storr]  |  γε [pearson]  |  αὖ [reinhardt]	
1065	5897	ἡλίου	2	ἡλίου [colonna,dain,hermann,jebb,pearson,reinhardt,storr]  |  ἥλιον [dawe]	
1065	5898	τελεῖν,	2	τελῶν, [colonna,dain,hermann,jebb,pearson,reinhardt]  |  τελεῖν, [dawe,storr]	
1067	5911	ἔσει,	2	ἔσῃ, [colonna,dain,dawe,pearson,reinhardt]  |  ἔσει, [hermann,jebb,storr]	
1069	5921	τʼ	2	τ᾽ [colonna,dain,hermann,jebb,pearson,reinhardt,storr]  |  γ᾽ [dawe]	
1069	5925	κατῴκισας,	2	κατῴκισας, [colonna,dain,hermann,jebb,pearson,reinhardt,storr]  |  κατοικίσας, [dawe]	
1070	5932	θεῶν	2	θεῶν [colonna,dain,hermann,jebb,pearson,reinhardt,storr]  |  θυῶν [dawe]	
1073	5948	βιάζονται	2	βιάζονται [colonna,dain,hermann,jebb,pearson,reinhardt,storr]  |  βιάζεται [dawe]	
1075	5957	θεῶν	2	θεῶν [colonna,dain,hermann,jebb,pearson,reinhardt,storr]  |  φθιτῶν [dawe]	
1075	5958	Ἐρινύες,	2	Ἐρινύες, [colonna,dain,dawe,jebb,pearson,reinhardt,storr]  |  Ἐριννύες, [hermann]	
1081	5991	καθήγνισαν	2	καθήγνισαν, [dain,jebb,pearson,reinhardt,storr]  |  καθήγισαν, [colonna,dawe,hermann]	
1086	6019	ὑπεκδραμεῖ.	2	ὑπεκδραμῇ. [colonna,dain,dawe,pearson,reinhardt]  |  ὑπεκδραμεῖ. [hermann,jebb,storr]	
1089	6040	ἡσυχαιτέραν	2	ἡσυχωτέραν [colonna,dain,hermann,jebb,reinhardt]  |  ἡσυχαιτέραν [dawe,pearson,storr]	
1090	6047	ἢ	2	ἢ [colonna,dain,hermann,jebb,reinhardt,storr]  |  ὧν [dawe,pearson]	
1097	6086	ἄτῃ	2	ἄτῃ [colonna,dain,hermann,jebb,pearson,reinhardt,storr]  |  Ἄτη [dawe]	
1098	6096	λαβεῖν.	2	λαβεῖν. [colonna,dawe,jebb,pearson,reinhardt,storr]  |  Κρέον. [dain,hermann]	
1102	6121	δοκεῖς	2	δοκεῖς [colonna,dain,hermann,pearson,reinhardt,storr]  |  δοκεῖ [dawe,jebb]	
1108	6159	ἴτʼ	2	ἴτ᾽, [colonna,dain,dawe,jebb,pearson,reinhardt,storr]  |  οἵ [hermann]	
1108	6160	ἴτʼ	2	ἴτ᾽, [colonna,dain,dawe,jebb,pearson,reinhardt,storr]  |  τ᾽ [hermann]	
1114	6195	σῴζοντα	2	σῴζοντα [colonna,dain,dawe,jebb,pearson,reinhardt,storr]  |  σώζοντα [hermann]	
1118	6210	Ἰταλίαν,	2	Ἰταλίαν, [colonna,dain,hermann,jebb,pearson,reinhardt,storr]  |  Οἰχαλίαν, [dawe]	
1119	6213	παγκοίνοις,	2	παγκοίνοις [colonna,dain,dawe,jebb,pearson,reinhardt,storr]  |  παγ- [hermann]	
1120	6215	Δῃοῦς	2	Δηοῦς [colonna,dawe,hermann,jebb,pearson,reinhardt]  |  Δῃοῦς [dain,storr]	
1120	6219	Βακχᾶν	2	Βακχᾶν [colonna,dain,dawe,hermann,jebb,pearson,storr]  |  Βακ- [reinhardt]	
1121	6220	ὁ	2	ὁ [hermann,jebb,storr]  |  χᾶν [reinhardt]	colonna,dain,dawe,pearson
1122	6223	ναιετῶν	2	ναιετῶν [colonna,dain,dawe,jebb,pearson,reinhardt,storr]  |  ἐνναίων [hermann]	
1122	6225	ὑγρῶν	3	ὑγρόν [colonna,dain,dawe,jebb,reinhardt]  |  ὑγρῶν [hermann,storr]  |  ὑγροῖς [pearson]	
1125	6226	Ἰσμηνοῦ	2	Ἰσμηνοῦ [colonna,dain,dawe,hermann,jebb,reinhardt,storr]  |  Ἰ- [pearson]	
1125	6227	ῥείθρων	4	ῥέεθρον, [colonna,dain,dawe]  |  ῥείθρων, [hermann,storr]  |  ῥεῖθρόν [jebb,reinhardt]  |  σμηνοῦ [pearson]	
1127	6241	ἔνθα	2	ἔνθα [colonna,dain,dawe,jebb,pearson,reinhardt,storr]  |  ἔν- [hermann]	
1132	6257	ἀκτὰ	3	ἀκτὰ [hermann,jebb,reinhardt,storr]  |  ἀκ- [colonna,dain]  |  ἀ- [dawe,pearson]	
1134	6260	ἀμβρότων	2	ἀμβρότων [colonna,dain,dawe,hermann,jebb,reinhardt,storr]  |  ἀβρότων [pearson]	
1134	6261	ἐπέων	2	ἐπέων [colonna,dain,hermann,jebb,storr]  |  ἑπετᾶν [dawe,pearson,reinhardt]	
1135	6262	εὐαζόντων	2	εὐαζόντων, [colonna,dain,dawe,hermann,jebb,reinhardt,storr]  |  εὐ- [pearson]	
1137	6268	πᾶσαι	2	πασᾶν [colonna,dain,dawe,hermann,jebb,pearson,reinhardt]  |  πᾶσαι [storr]	
1141	6280	πάνδαμος	2	πάνδαμος [colonna,dain,dawe,jebb,pearson,reinhardt,storr]  |  πανδήμιος [hermann]	
1142	6287	Παρνασίαν	3	Παρνασίαν [colonna,dain,dawe,jebb,reinhardt,storr]  |  Παρνησσίαν [hermann]  |  Παρνασσίαν [pearson]	
1142	6289	κλιτὺν	2	κλιτύν, [colonna,dain,hermann,jebb,pearson,reinhardt,storr]  |  κλειτὺν [dawe]	
1146	6295	πνειόντων	2	πνεόντων [colonna,dain,hermann,reinhardt]  |  πνειόντων [dawe,jebb,pearson,storr]	
1148	6302	Διὸς	3	Διὸς [colonna,hermann,jebb,pearson,reinhardt,storr]  |  Δῖον [dain]  |  Ζηνὸς [dawe]	
1148	6304	προφάνηθʼ	2	προφάνηθ᾽, [colonna,dain,dawe,jebb,pearson,reinhardt,storr]  |  προφάνηθι [hermann]	
1150	6305	ὦναξ,	2	ὦναξ, [colonna,dain,dawe,jebb,pearson,reinhardt,storr]  |  Ναξίαις [hermann]	
1150	6308	περιπόλοις	2	περιπόλοις [colonna,dain,dawe,jebb,pearson,reinhardt,storr]  |  περιπόλοισν [hermann]	
1151	6309	Θυίαισιν,	2	Θυίαισιν, [colonna,dain,dawe,jebb,pearson,reinhardt,storr]  |  σαῖ- [hermann]	
1156	6325	ὁποῖον	2	ὁποῖον [colonna,dain,hermann,jebb,pearson,reinhardt,storr]  |  ὁπηιοῦν [dawe]	
1156	6328	ἀνθρώπου	2	ἀνθρώπου [colonna,dain,dawe,jebb,pearson,reinhardt,storr]  |  ἀνθρώπων [hermann]	
1164	6372	ηὔθυνε,	2	ηὔθυνε [dawe,jebb,pearson,reinhardt,storr]  |  εὔθυνε, [colonna,dain,hermann]	
1166	6387	οὐ	2	οὐ [colonna,dain,hermann,jebb,pearson,reinhardt,storr]  |  οὔτι [dawe]	
1166	6388	τίθημʼ	2	τίθημ᾽ [colonna,dain,hermann,jebb,pearson,reinhardt,storr]  |  φήμ᾽ [dawe]	
1168	6402	βούλει,	2	βούλει, [colonna,dain,dawe,hermann,jebb,reinhardt,storr]  |  βούλῃ, [pearson]	
1169	6405	ζῆ	2	ζῆ [colonna,dain,dawe,hermann,jebb,pearson,storr]  |  ζῇ [reinhardt]	
1182	6495	πάρα.	2	πάρα. [colonna,dain,hermann,jebb,storr]  |  περᾶι. [dawe,pearson,reinhardt]	
1219	6695	κελευσμάτων	3	κελευσμάτων [jebb,pearson,reinhardt,storr]  |  κελεύσμασιν [colonna,dain,hermann]  |  κελεύμασι [dawe]	
1229	6751	συμφορᾶς	2	συμφορᾶς [colonna,dain,dawe,jebb,pearson,reinhardt,storr]  |  ξυμφορᾶς [hermann]	
1235	6782	αὑτῷ	2	αὑτῷ [colonna,dain,dawe,jebb,pearson,reinhardt,storr]  |  φοραύτῷ [hermann]	
1237	6797	παρθένῳ	2	παρθένῳ [colonna,dain,hermann,jebb,pearson,reinhardt,storr]  |  παρθένον [dawe]	
1238	6799	καὶ	2	καὶ [colonna,dain,hermann,jebb,pearson,reinhardt,storr]  |  κἀκφυσιῶν [dawe]	
1238	6802	ἐκβάλλει	2	ἐκβάλλει [colonna,dain,hermann,jebb,pearson,reinhardt,storr]  |  ἐμβάλλει [dawe]	
1238	6803	ῥοὴν	2	ῥοὴν [colonna,dain,dawe,jebb,pearson,reinhardt,storr]  |  πνοὴν [hermann]	
1241	6818	εἰν	2	εἰν [colonna,dain,hermann,pearson,reinhardt,storr]  |  ἔν [dawe,jebb]	
1244	6837	πάλιν	2	πάλιν [colonna,dain,hermann,jebb,pearson,reinhardt,storr]  |  πάλαι [dawe]	
1247	6855	γόους	2	γόους [colonna,dain,dawe,hermann,jebb,reinhardt,storr]  |  γόου [pearson]	
1248	6857	ἀξιώσειν,	2	ἀξιώσειν, [colonna,dain,hermann,jebb,pearson,reinhardt,storr]  |  ἐξαΰσειν, [dawe]	
1265	6946	ὤμοι	2	ὤμοι [colonna,dain,dawe,jebb,pearson,reinhardt,storr]  |  ὤ [hermann]	
1269	6962	σαῖς	2	σαῖσι [colonna,dain,dawe,hermann,jebb,pearson,reinhardt]  |  σαῖς [storr]	
1273	6985	μʼ	2	μ᾽ [colonna,dain,hermann,jebb,pearson,reinhardt,storr]  |  δικὼν [dawe]	
1275	6994	λακπάτητον	3	λακπάτητον [colonna,dawe,jebb,pearson,reinhardt,storr]  |  λεωπάτητον [dain]  |  λαξπάτητον [hermann]	
1276	6999	ὦ	2	ἰὼ [colonna,dain,dawe,pearson,reinhardt]  |  ὦ [hermann,jebb,storr]	
1279	7015	φέρων,	2	φέρων, [colonna,dain,dawe,hermann,jebb,reinhardt,storr]  |  φέρειν, [pearson]	
1280	7021	ἥκειν	2	ἥκειν [colonna,dain,dawe,hermann,jebb,reinhardt,storr]  |  ἥκων [pearson]	
1281	7031	ἐκ	2	ἐκ [colonna,dain,dawe,hermann,jebb,storr]  |  ἦ [pearson,reinhardt]	
1282	7035	τέθνηκε,	2	τέθνηκε, [dawe,hermann,jebb,pearson,reinhardt,storr]  |  τέθνηκεν, [colonna,dain]	
1284a	7046	Ἅιδου	2	Ἅιδου [dain,dawe,hermann,jebb,pearson,reinhardt,storr]  |  Ἅιἰδου [colonna]	
1289	7067	φής,	2	φῇς, [colonna,dain,dawe,hermann]  |  φής, [jebb,pearson,reinhardt,storr]	
1289	7068	παῖ;	2	παῖ; [colonna,dain,dawe,jebb,pearson,reinhardt,storr]  |  τίνα [hermann]	
1289	7069	τίνʼ	2	τίν’ [dain,dawe,reinhardt,storr]  |  τίνα [colonna,jebb,pearson]	hermann
1289	7073	νέον,	2	νέον, [colonna,dain,dawe,jebb,pearson,reinhardt,storr]  |  λόγον; [hermann]	
1298	7110	τὸν	2	τὸν [colonna,dain,hermann,jebb,pearson,reinhardt,storr]  |  τὰν [dawe]	
1301	7121	ἡ	2	ἡ [colonna,dain,hermann,pearson,storr]  |  ἥδ᾽ [dawe,jebb,reinhardt]	
1301	7122	δʼ	2	δ᾽ [colonna,dain,hermann,pearson,storr]  |  ὀξύθηκτος [dawe]	jebb,reinhardt
1301	7123	ὀξυθήκτῳ	3	ὀξυθήκτῳ [colonna,dain,jebb,reinhardt,storr]  |  ὀξύθηκτος [hermann]  |  ὀξύπληκτος [pearson]	
1301	7125	περὶ	2	περὶ [colonna,dain,jebb,reinhardt,storr]  |  πέριξ [dawe,hermann]	pearson
1301	7126	ξίφει	3	ξίφει [colonna,jebb,reinhardt,storr]  |  ξ [dain]  |  ⟨gap⟩ [hermann]	pearson
1303	7136	κλεινὸν	2	κλεινὸν [dain,dawe,hermann,jebb,reinhardt,storr]  |  κενὸν [colonna,pearson]	
1303	7137	λάχος,	2	λάχος, [dain,dawe,hermann,jebb,reinhardt,storr]  |  λέχος, [colonna,pearson]	
1304	7140	τοῦδε,	2	τοῦδε, [colonna,dain,hermann,jebb,pearson,reinhardt,storr]  |  τόνδε, [dawe]	
1310	7163	αἰαῖ,	2	αἰαῖ, [colonna,dain,dawe,jebb,pearson,reinhardt,storr]  |  φεῦ, [hermann]	
1314	7182	κἀπελύσατʼ	2	κἀπελύσατ᾽ [colonna,dain,hermann,jebb,reinhardt,storr]  |  κἀπελύετ᾽ [dawe,pearson]	
1316	7194	ᾔσθετʼ	2	ᾔσθετ᾽ [colonna,dain,dawe,jebb,pearson,reinhardt,storr]  |  ἤσθετ᾽ [hermann]	
1317	7197	ὤμοι	2	ὤμοι [colonna,dain,dawe,jebb,pearson,reinhardt,storr]  |  ᾤ [hermann]	
1319	7213	ἔκανον,	2	ἔκανον, [colonna,dain,dawe,hermann,jebb,reinhardt,storr]  |  ᾽κανον, [pearson]	
1319	7214	ὢ	2	ὢ [colonna,dain,dawe,hermann,jebb,reinhardt,storr]  |  ἰὼ [pearson]	
1321	7221	ἄγετέ	2	ἄγετέ [colonna,dain,hermann,jebb,reinhardt,storr]  |  ἀπάγετέ [dawe,pearson]	
1321	7223	ὅτι	2	ὅτι [colonna,dain,hermann,pearson,reinhardt,storr]  |  ὅ [dawe,jebb]	
1321	7224	τάχιστʼ,	3	τάχιστ᾽, [colonna,jebb,reinhardt,storr]  |  τάχος, [dain,hermann,pearson]  |  τι [dawe]	
1329	7253	ἔχων	2	ἐμῶν [colonna,hermann,pearson,reinhardt]  |  ἔχων, [dain,dawe,jebb,storr]	
1336	7281	ἐρῶ,	2	ἐρῶ [colonna,dain,dawe,jebb,reinhardt,storr]  |  ἐρῶμεν, [hermann,pearson]	
1336	7282	τοιαῦτα	3	μὲν [colonna,dain,dawe,jebb,reinhardt]  |  ταῦτα [hermann,pearson]  |  τοιαῦτα [storr]	
1340	7307	κάκτανον	2	κάκτανον [colonna,dain,hermann,reinhardt,storr]  |  κατέκανον, [dawe,jebb,pearson]	
1341	7310	αὖ	2	αὖ [colonna,dain,dawe,jebb,pearson,reinhardt,storr]  |  αὐτάν. [hermann]	
1341	7311	τάνδʼ,	2	τάνδ᾽, [colonna,dain,dawe,jebb,pearson,reinhardt,storr]  |  ἰὼ [hermann]	
1342	7317	πρὸς	2	πρὸς [colonna,dain,dawe,jebb,pearson,reinhardt,storr]  |  πρότερον [hermann]	
1342	7318	πότερα	4	πότερον [colonna,dain,jebb,pearson,reinhardt]  |  πρότερον [dawe]  |  ἴδω. [hermann]  |  πότερα [storr]	
1342	7319	κλιθῶ·	2	κλιθῶ· [colonna,jebb,pearson,reinhardt,storr]  |  ἴδω· [dain,dawe]	hermann
1348	7343	εἰς	2	εἰς [colonna,dain,dawe,hermann,jebb,reinhardt,storr]  |  ἐς [pearson]	
1352	7354	ἀποτίσαντες	2	ἀποτείσαντες [colonna,dain,dawe,jebb,pearson,reinhardt]  |  ἀποτίσαντες, [hermann,storr]	
